Model,Avg Cause Score,Avg Effect Score,Avg Total Score,Count Cause,Count Effect,Count Total
o3,0.7605,0.764625,0.762625,616,616,616
grok3,0.702125,0.6875,0.694875,616,616,616
claude,0.689125,0.66325,0.676,616,616,616
deepseek,0.681125,0.637875,0.659625,616,616,616
mistral,0.6325,0.615125,0.623875,616,616,616
qwen3,0.609625,0.606375,0.608,616,616,616
gemini,0.6055,0.599,0.60225,616,616,616
llama4,0.563125,0.581875,0.5726249999999999,616,616,616
