Model,Avg Cause Score,Avg Effect Score,Avg Total Score,Count Cause,Count Effect,Count Total
o3,0.756375,0.767875,0.762,616,616,616
grok3,0.765375,0.747625,0.7565,616,616,616
claude,0.751625,0.732125,0.74175,616,616,616
gemini,0.689125,0.735375,0.71225,616,616,616
deepseek,0.733,0.68825,0.71075,616,616,616
mistral,0.68825,0.633875,0.661125,616,616,616
qwen3,0.66325,0.644375,0.653875,616,616,616
llama4,0.6355,0.66625,0.651,616,616,616
