Judge,Avg Cause Score,Avg Effect Score,Avg Total Score,Count Cause,Count Effect,Count Total
claude,0.763,0.763125,0.763,616,616,616
deepseek,0.61275,0.61675,0.61475,616,616,616
gemini,0.69475,0.686625,0.69075,616,616,616
grok,0.724875,0.7036250000000001,0.714375,616,616,616
llama4,0.40125,0.39225,0.396625,616,616,616
mistral,0.6623749999999999,0.633125,0.64775,616,616,616
openai,0.74025,0.7215,0.731,616,616,616
qwen3,0.6443749999999999,0.638625,0.641625,616,616,616
