Model,Avg Cause Score,Avg Effect Score,Avg Total Score,Count Cause,Count Effect,Count Total
grok3,0.776625,0.76175,0.76925,600,600,600
o3,0.7793749999999999,0.755,0.767,600,600,600
claude,0.776625,0.73575,0.75625,600,600,600
deepseek,0.760125,0.669125,0.714375,600,600,600
gemini,0.6685,0.708375,0.68825,600,600,600
llama4,0.671625,0.6875,0.679625,600,600,600
qwen3,0.69,0.60075,0.645375,600,600,600
mistral,0.649125,0.604875,0.6271249999999999,600,600,600
