Judge,Avg Cause Score,Avg Effect Score,Avg Total Score,Count Cause,Count Effect,Count Total
claude,0.766125,0.7873749999999999,0.7767499999999999,616,616,616
deepseek,0.72975,0.69075,0.710125,616,616,616
gemini,0.70625,0.698875,0.7025,616,616,616
grok,0.732125,0.70525,0.71875,616,616,616
llama4,0.75725,0.715875,0.7365,616,616,616
mistral,0.62575,0.630625,0.628125,616,616,616
openai,0.728875,0.73125,0.7302500000000001,616,616,616
qwen3,0.636375,0.6557499999999999,0.64625,616,616,616
