Model,base_cause,base_effect,base_total,masked_cause,masked_effect,masked_total,shuffled_cause,shuffled_effect,shuffled_total,masked-shuffled_cause,masked-shuffled_effect,masked-shuffled_total
claude,0.689125,0.66325,0.676,0.751625,0.732125,0.74175,0.776625,0.73575,0.75625,0.704125,0.670125,0.6869999999999999
deepseek,0.681125,0.637875,0.659625,0.733,0.68825,0.71075,0.760125,0.669125,0.714375,0.714875,0.6825,0.69875
gemini,0.6055,0.599,0.60225,0.689125,0.735375,0.71225,0.6685,0.708375,0.68825,0.62,0.652375,0.636375
grok3,0.702125,0.6875,0.694875,0.765375,0.747625,0.7565,0.776625,0.76175,0.76925,0.712375,0.70575,0.7092499999999999
llama4,0.563125,0.581875,0.5726249999999999,0.6355,0.66625,0.651,0.671625,0.6875,0.679625,0.603375,0.623375,0.61325
mistral,0.6325,0.615125,0.623875,0.68825,0.633875,0.661125,0.649125,0.604875,0.6271249999999999,0.61,0.527375,0.568625
o3,0.7605,0.764625,0.762625,0.756375,0.767875,0.762,0.7793749999999999,0.755,0.767,0.766,0.751,0.75825
qwen3,0.609625,0.606375,0.608,0.66325,0.644375,0.653875,0.69,0.60075,0.645375,0.586625,0.515125,0.550875
AVERAGE,0.655453125,0.6444531250000001,0.649984375,0.7103124999999999,0.70196875,0.70615625,0.7215,0.690390625,0.70590625,0.664671875,0.640953125,0.6527968749999999
