Judge,Avg Cause Score,Avg Effect Score,Avg Total Score,Count Cause,Count Effect,Count Total
claude,0.7150000000000001,0.704125,0.7095,600,600,600
deepseek,0.691625,0.645875,0.668625,600,600,600
gemini,0.647375,0.629125,0.638375,600,600,600
grok,0.673375,0.641625,0.657625,600,600,600
llama4,0.689125,0.64675,0.667875,600,600,600
mistral,0.621625,0.5935,0.607375,600,600,600
openai,0.6683749999999999,0.659125,0.6637500000000001,600,600,600
qwen3,0.6108750000000001,0.6075,0.60925,600,600,600
