Judge,base_cause,base_effect,base_total,masked_cause,masked_effect,masked_total,shuffled_cause,shuffled_effect,shuffled_total,masked-shuffled_cause,masked-shuffled_effect,masked-shuffled_total
claude,0.763,0.763125,0.763,0.766125,0.7873749999999999,0.7767499999999999,0.7651249999999999,0.7575,0.76125,0.7150000000000001,0.704125,0.7095
deepseek,0.61275,0.61675,0.61475,0.72975,0.69075,0.710125,0.75425,0.69825,0.7262500000000001,0.691625,0.645875,0.668625
gemini,0.69475,0.686625,0.69075,0.70625,0.698875,0.7025,0.698375,0.677375,0.687875,0.647375,0.629125,0.638375
grok,0.724875,0.7036250000000001,0.714375,0.732125,0.70525,0.71875,0.723375,0.69825,0.710875,0.673375,0.641625,0.657625
llama4,0.40125,0.39225,0.396625,0.75725,0.715875,0.7365,0.74675,0.6875,0.716875,0.689125,0.64675,0.667875
mistral,0.6623749999999999,0.633125,0.64775,0.62575,0.630625,0.628125,0.68175,0.643375,0.6625,0.621625,0.5935,0.607375
openai,0.74025,0.7215,0.731,0.728875,0.73125,0.7302500000000001,0.73,0.703375,0.7166250000000001,0.6683749999999999,0.659125,0.6637500000000001
qwen3,0.6443749999999999,0.638625,0.641625,0.636375,0.6557499999999999,0.64625,0.672375,0.6575,0.665,0.6108750000000001,0.6075,0.60925
AVERAGE,0.655453125,0.6444531250000001,0.649984375,0.7103125,0.70196875,0.70615625,0.7214999999999999,0.690390625,0.7059062500000001,0.664671875,0.640953125,0.652796875
