Judge,Avg Cause Score,Avg Effect Score,Avg Total Score,Count Cause,Count Effect,Count Total
claude,0.7651249999999999,0.7575,0.76125,600,600,600
deepseek,0.75425,0.69825,0.7262500000000001,600,600,600
gemini,0.698375,0.677375,0.687875,600,600,600
grok,0.723375,0.69825,0.710875,600,600,600
llama4,0.74675,0.6875,0.716875,600,600,600
mistral,0.68175,0.643375,0.6625,600,600,600
openai,0.73,0.703375,0.7166250000000001,600,600,600
qwen3,0.672375,0.6575,0.665,600,600,600
