Model,Avg Cause Score,Avg Effect Score,Avg Total Score,Count Cause,Count Effect,Count Total
o3,0.766,0.751,0.75825,600,600,600
grok3,0.712375,0.70575,0.7092499999999999,600,600,600
deepseek,0.714875,0.6825,0.69875,600,600,600
claude,0.704125,0.670125,0.6869999999999999,600,600,600
gemini,0.62,0.652375,0.636375,600,600,600
llama4,0.603375,0.623375,0.61325,600,600,600
mistral,0.61,0.527375,0.568625,600,600,600
qwen3,0.586625,0.515125,0.550875,600,600,600
