Model,base_cause,base_effect,base_total,masked_cause,masked_effect,masked_total,shuffled_cause,shuffled_effect,shuffled_total,masked-shuffled_cause,masked-shuffled_effect,masked-shuffled_total
claude,0.78,0.813,0.797,0.787,0.82,0.803,0.787,0.82,0.803,0.707,0.74,0.723
deepseek,0.76,0.747,0.753,0.807,0.74,0.773,0.793,0.733,0.763,0.78,0.767,0.773
gemini,0.76,0.733,0.747,0.747,0.793,0.77,0.693,0.767,0.73,0.667,0.707,0.687
grok3,0.78,0.82,0.8,0.827,0.853,0.84,0.8,0.82,0.81,0.747,0.76,0.753
llama4,0.62,0.693,0.657,0.667,0.707,0.687,0.68,0.707,0.693,0.6,0.647,0.623
mistral,0.74,0.747,0.743,0.72,0.713,0.717,0.703,0.662,0.682,0.653,0.56,0.607
o3,0.82,0.847,0.833,0.8,0.827,0.813,0.853,0.807,0.83,0.787,0.833,0.81
qwen3,0.74,0.727,0.733,0.673,0.66,0.667,0.74,0.653,0.697,0.607,0.58,0.593
AVERAGE,0.75,0.765875,0.7578750000000001,0.7535000000000001,0.7641249999999999,0.75875,0.7561249999999999,0.7461249999999999,0.751,0.6935,0.69925,0.696125
