Model,TP,FP,TN,FN,Precision,Recall,F1
claude,64,5,8,0,0.927536231884058,1.0,0.9624060150375939
gemini,61,11,5,0,0.8472222222222222,1.0,0.9172932330827067
llama,54,6,16,1,0.9,0.9818181818181818,0.9391304347826087
o3,62,11,4,0,0.8493150684931506,1.0,0.9185185185185185
mistral,49,19,7,2,0.7205882352941176,0.9607843137254902,0.823529411764706
grok3,63,7,7,0,0.9,1.0,0.9473684210526316
qwen3,52,12,13,0,0.8125,1.0,0.896551724137931
deepseek,55,19,3,0,0.7432432432432432,1.0,0.8527131782945736
