Model,TP,FP,TN,FN,Precision,Recall,F1
gemini,48,25,2,0,0.6575342465753424,1.0,0.7933884297520661
claude,56,11,8,0,0.835820895522388,1.0,0.9105691056910569
o3,58,15,2,0,0.7945205479452054,1.0,0.8854961832061068
qwen,44,17,13,1,0.7213114754098361,0.9777777777777777,0.8301886792452831
deepseek,51,23,1,0,0.6891891891891891,1.0,0.8160000000000001
grok,56,14,5,0,0.8,1.0,0.888888888888889
mistral,41,22,10,2,0.6507936507936508,0.9534883720930233,0.7735849056603774
llama,48,10,16,1,0.8275862068965517,0.9795918367346939,0.897196261682243
