Dataset,Human Avg Cause,LLM Avg Cause,Cause Diff,Human Avg Effect,LLM Avg Effect,Effect Diff,Human Avg Total,LLM Avg Total,Total Diff
base,0.75,0.655453125,0.09454687500000003,0.765875,0.6444531250000001,0.1214218749999999,0.757875,0.6499843750000001,0.1078906249999999
masked,0.7535000000000001,0.7103125000000001,0.043187499999999934,0.764125,0.7019687499999999,0.062156250000000135,0.75875,0.7061562499999999,0.052593750000000106
shuffled,0.7561249999999999,0.7215,0.034624999999999906,0.7461249999999999,0.690390625,0.05573437499999989,0.7510000000000001,0.70590625,0.045093750000000155
masked-shuffled,0.6935,0.6646718749999999,0.028828125000000093,0.69925,0.640953125,0.058296875000000026,0.696125,0.6527968749999999,0.04332812500000005
